{"cameraMode":{"drawMode":0,"name":"Shaded","section":"Shading Mode"},"sceneLighting":false,"audioPlay":false,"sceneViewState":{"showFog":true,"showMaterialUpdate":false,"showSkybox":false,"showFlares":true,"showImageEffects":true,"showParticleSystems":true},"in2DMode":false,"pivot":{"x":0.0038220882415771486,"y":1.85770583152771,"z":-0.08751735091209412},"rotation":{"x":-0.14937372505664826,"y":0.7556008696556091,"z":-0.18490631878376008,"w":-0.6103875637054443},"size":1.8247451782226563,"orthographic":false}