{"cameraMode":{"drawMode":0,"name":"Shaded","section":"Shading Mode"},"sceneLighting":false,"audioPlay":false,"sceneViewState":{"showFog":true,"showMaterialUpdate":false,"showSkybox":false,"showFlares":true,"showImageEffects":true,"showParticleSystems":true},"in2DMode":false,"pivot":{"x":0.0000019073486328125,"y":0.0,"z":-0.0000019073486328125},"rotation":{"x":-0.16775181889533997,"y":-0.48211410641670229,"z":0.09462811797857285,"w":-0.854693591594696},"size":17.705934524536134,"orthographic":false}