{"cameraMode":{"drawMode":0,"name":"Shaded","section":"Shading Mode"},"sceneLighting":true,"audioPlay":false,"sceneViewState":{"showFog":true,"showMaterialUpdate":false,"showSkybox":true,"showFlares":true,"showImageEffects":true,"showParticleSystems":true},"in2DMode":false,"pivot":{"x":4.391048431396484,"y":3.0310239791870119,"z":1.7289533615112305},"rotation":{"x":-0.06693065166473389,"y":0.9254054427146912,"z":-0.1946418285369873,"w":-0.3182147145271301},"size":10.0,"orthographic":false}